Latitude,Longitude,City,Country,Temperature,Humidity,Cloudiness,Wind_Speed
-87.5763,28.2909,bredasdorp,za,228.667,93,24,5.08
-9.9824,-129.3762,atuona,pf,300.417,100,20,6.38
18.4655,-22.8732,santa maria,cv,294.367,100,0,5.86
-20.1696,116.7294,karratha,au,301.217,100,0,6.88
-76.0168,-40.8731,ushuaia,ar,253.417,87,56,0.78
-9.2063,-85.8122,sechura,pe,299.717,100,24,6.38
-7.6585,126.5206,atambua,id,298.617,100,8,1.66
-82.8661,-178.6268,vaini,to,244.167,57,56,3.61
84.046,52.2176,belushya guba,ru,249.217,72,68,4.18
83.3194,150.7461,chokurdakh,ru,258.567,89,64,10.43
23.8571,20.0469,jalu,ly,290.567,26,0,2.16
-41.1353,-146.056,mataura,pf,287.417,100,36,1.93
-8.8519,-13.1446,georgetown,sh,300.917,100,92,5.93
75.7006,-21.0004,illoqqortoormiut,gl,256.067,83,64,3.73
82.867,125.4411,tiksi,ru,265.317,93,80,2.81
-33.4215,176.3607,ngunguru,nz,294.967,99,80,8.73
43.2425,-115.1501,mountain home,us,282.61,54,40,4.1
31.4293,46.1806,dehloran,ir,287.517,56,0,2.61
-34.2195,-93.7423,lebu,cl,294.267,100,8,6.78
3.1618,-23.2079,bubaque,gw,300.567,100,76,6.23
-75.3629,17.977,bredasdorp,za,226.567,0,12,2.83
47.0236,-7.6703,plouzane,fr,284.817,100,8,6.46
-58.7309,-121.9479,rikitea,pf,277.517,92,68,18.53
-72.7385,-170.2895,vaini,to,264.517,100,56,2.78
56.1583,175.0338,beringovskiy,ru,276.167,92,80,9.33
-37.6136,-69.2705,neuquen,ar,299.917,23,20,1.88
4.0735,-124.9653,atuona,pf,301.667,95,56,9.58
79.3715,-95.8325,thompson,ca,246.117,72,44,1.96
63.4204,58.1463,vuktyl,ru,271.117,92,68,1.51
88.0791,9.5672,barentsburg,sj,253.567,87,80,5.21
35.7566,-6.9591,asilah,ma,289.667,96,0,15.26
-28.8359,122.2649,esperance,au,289.867,67,36,7.76
-30.3473,90.9201,carnarvon,au,294.117,100,76,6.91
3.7636,123.8343,sarangani,ph,301.167,100,68,0.78
-23.3111,-11.7961,jamestown,sh,298.567,100,92,2.73
-38.3509,-154.9686,mataura,pf,290.267,100,68,3.53
88.0094,58.5409,belushya guba,ru,248.167,80,48,5.83
-45.7259,-80.7163,castro,cl,286.517,91,88,14.41
-78.7102,-74.1958,ushuaia,ar,247.917,60,56,4.28
-73.5467,-95.866,punta arenas,cl,251.617,51,0,4.88
-64.4172,-81.3037,punta arenas,cl,274.467,100,56,13.63
-70.4484,-8.2947,cape town,za,264.117,92,76,7.43
-82.2636,-11.3641,cape town,za,246.517,53,48,4.96
10.4798,130.7468,pilar,ph,300.167,100,0,6.23
45.8395,169.5648,nikolskoye,ru,276.417,98,56,18.33
-73.4732,73.4894,saint-philippe,re,237.267,43,0,6.86
45.2656,42.0909,pelagiada,ru,273.15,92,75,5.0
4.6739,20.8372,gbadolite,cd,299.317,60,56,2.38
-84.6576,-140.8488,rikitea,pf,242.867,30,0,5.16
-21.331,-41.7477,itaperuna,br,299.15,74,40,1.0
-52.7506,33.4642,port alfred,za,276.517,98,64,19.16
-50.3017,-92.8307,castro,cl,282.367,98,44,11.66
-63.7853,151.7417,hobart,au,275.067,94,68,10.13
34.0757,93.5274,lasa,cn,252.367,56,32,1.58
44.6697,-37.195,ribeira grande,pt,288.017,95,92,13.63
-85.3479,104.3735,albany,au,222.367,0,32,8.11
-88.2912,-151.3388,mataura,pf,227.717,0,20,7.53
59.5029,7.4311,amot,no,279.82,84,64,0.89
62.9079,-153.488,kenai,us,274.15,99,90,2.11
24.167,-139.4373,hilo,us,294.167,100,68,6.16
43.3715,39.1498,gornoye loo,ru,277.06,86,90,3.0
-26.5109,168.4637,vao,nc,297.417,99,68,6.61
-11.3865,-108.9884,puerto ayora,ec,299.017,100,0,6.31
-75.804,149.9675,hobart,au,224.917,0,8,7.91
82.5092,-134.3539,tuktoyaktuk,ca,251.367,90,68,4.63
44.0239,-157.5221,kodiak,us,280.867,99,76,10.61
-88.868,171.9267,bluff,nz,222.467,0,32,5.83
-13.5639,-115.3598,rikitea,pf,299.217,100,0,6.66
-6.0699,61.6995,victoria,sc,303.067,96,92,5.63
89.9118,168.1611,pevek,ru,247.667,62,36,3.13
-61.5551,-29.0643,mar del plata,ar,273.217,96,88,13.71
-63.5715,-71.6908,ushuaia,ar,274.617,96,0,14.76
46.4359,127.5671,bayan,cn,263.767,58,36,1.06
17.6842,154.7671,kavieng,pg,299.417,100,68,6.43
19.4491,92.4082,akyab,mm,300.717,96,0,6.21
71.8447,-47.6504,ilulissat,gl,239.267,34,32,1.66
40.4382,-67.2457,nantucket,us,283.617,100,0,3.51
-8.5099,100.4966,bengkulu,id,301.517,100,64,5.33
-8.9284,-4.1992,jamestown,sh,300.317,100,56,6.28
67.9806,-26.7131,bolungarvik,is,265.917,94,32,19.03
-33.0653,-80.4285,lebu,cl,291.117,100,80,4.86
48.9664,-29.7004,lagoa,pt,284.267,92,88,6.33
63.9421,113.3131,chernyshevskiy,ru,265.917,88,80,2.23
3.4871,14.9412,yokadouma,cm,296.867,89,8,0.13
30.8569,97.0928,tezu,in,261.917,79,12,0.93
62.0864,-164.3068,nome,us,273.22,92,90,4.6
33.0746,-144.2129,hilo,us,288.667,100,100,10.93
61.8466,76.3439,novoagansk,ru,272.417,87,68,4.48
-34.5837,94.3869,busselton,au,291.367,100,64,6.11
6.8766,-158.7672,hilo,us,298.917,100,88,6.11
30.8888,-66.0937,hamilton,bm,293.767,99,48,9.41
-49.9833,-123.4101,rikitea,pf,283.267,92,92,11.33
-54.6959,29.3867,port elizabeth,za,275.617,93,76,21.38
-12.8379,-123.9123,rikitea,pf,300.017,100,0,6.08
-28.5663,-97.1843,lebu,cl,295.267,100,68,2.01
-51.5312,154.5348,hobart,au,284.867,86,88,12.93
-45.9803,42.6848,umzimvubu,za,283.767,87,92,11.33
-42.0775,61.2939,saint-philippe,re,286.267,100,20,1.61
62.2218,-100.385,thompson,ca,254.167,81,0,7.11
20.0489,144.9512,tateyama,jp,298.767,100,24,3.53
86.7638,-75.4964,qaanaaq,gl,247.017,88,20,7.46
3.9885,11.7861,mfou,cm,294.667,94,8,0.98
51.1769,-74.5494,chapais,ca,265.667,93,48,10.56
73.0428,120.0103,saskylakh,ru,266.367,92,32,8.33
-60.6731,-116.2814,rikitea,pf,276.917,93,88,14.03
-26.2376,3.9494,walvis bay,na,295.367,100,0,5.86
-34.6019,-137.7137,rikitea,pf,290.667,100,76,6.73
6.9991,70.167,kulhudhuffushi,mv,301.667,100,0,2.81
86.1391,-4.0562,barentsburg,sj,250.417,82,64,6.56
-83.3522,-109.4739,punta arenas,cl,247.017,52,48,5.88
64.8261,-154.252,kenai,us,274.15,74,90,1.88
-26.3975,-91.8584,marcona,pe,293.967,100,0,4.86
75.4099,-62.2863,upernavik,gl,258.567,98,64,5.48
-55.3565,-128.9652,rikitea,pf,279.717,100,68,17.63
82.0797,4.1141,barentsburg,sj,250.967,77,24,12.18
-15.6412,63.2368,grand gaube,mu,300.967,100,88,7.76
6.2124,21.326,ippy,cf,298.367,58,8,3.51
-48.8014,40.855,east london,za,278.967,100,76,8.08
-54.6503,0.5257,cape town,za,274.267,99,68,7.41
9.7952,122.5851,candoni,ph,298.767,97,0,1.78
-25.2554,-95.1743,pisco,pe,295.217,100,76,5.76
49.0995,-19.9067,dingle,ie,285.217,97,88,4.81
33.8046,60.0492,taybad,ir,282.567,80,76,1.38
-61.9296,-24.2212,chuy,uy,273.067,97,92,4.86
-78.121,104.0809,albany,au,209.767,0,8,1.06
-79.9923,-46.4006,ushuaia,ar,245.167,47,44,1.61
36.7304,-47.79,torbay,ca,290.167,100,92,8.98
-35.8344,-149.0052,mataura,pf,291.067,100,36,5.08
-74.1285,74.5718,saint-philippe,re,236.167,45,0,9.53
-73.401,-166.2637,avarua,ck,263.417,100,24,4.31
57.5383,-176.2105,provideniya,ru,275.767,98,88,14.31
78.4721,158.8996,cherskiy,ru,259.717,88,68,7.98
-16.4619,141.1932,mareeba,au,301.067,100,68,1.38
52.366,85.8402,srostki,ru,266.317,69,0,3.28
-38.0747,26.5386,port elizabeth,za,293.467,99,8,11.11
29.0097,158.1803,hasaki,jp,291.867,100,88,8.51
-17.323,151.2172,bowen,au,301.167,98,92,5.51
7.0647,-37.4209,itarema,br,298.567,100,80,7.86
1.6046,85.8896,hambantota,lk,302.367,100,100,3.63
-80.5598,161.9298,bluff,nz,242.967,32,0,6.06
-45.4306,-154.931,mataura,pf,287.567,95,92,9.63
78.789,-72.3565,qaanaaq,gl,245.367,100,24,2.46
-60.0301,-3.4611,cape town,za,273.517,100,32,6.88
-74.2471,134.4622,new norfolk,au,226.167,0,44,1.61
67.9526,169.4236,pevek,ru,256.667,79,76,1.13
-5.2875,-173.9021,vaitupu,wf,303.317,95,0,6.33
-5.8235,41.1943,chake chake,tz,301.817,100,32,1.88
-21.0963,-37.0055,vila velha,br,300.567,100,88,9.33
11.3115,-40.0435,cayenne,gf,297.617,100,0,9.41
-37.8785,134.5432,port lincoln,au,287.367,100,36,13.08
-39.2703,13.7804,cape town,za,291.367,100,20,5.26
-36.5117,-120.3675,rikitea,pf,291.167,100,92,10.31
73.2236,92.8672,talnakh,ru,266.967,87,68,10.43
-36.5961,32.4607,umzimvubu,za,294.617,97,0,10.16
29.9875,114.3855,zhifang,cn,285.117,86,88,1.33
-70.2753,-60.7653,ushuaia,ar,251.417,73,44,1.88
-30.0586,-115.3435,rikitea,pf,297.117,99,48,7.91
-33.2411,68.7194,mahebourg,mu,293.417,100,92,5.16
46.8462,153.6463,severo-kurilsk,ru,273.517,100,92,10.56
-81.6421,43.4828,port alfred,za,224.017,0,20,0.83
-17.7368,-109.0005,puerto ayora,ec,298.117,100,0,7.96
62.9091,156.6444,omsukchan,ru,255.967,75,32,4.13
-50.2964,116.6922,albany,au,278.267,93,92,13.98
57.4245,-127.4962,smithers,ca,275.917,73,0,1.43
-45.2394,106.8932,busselton,au,283.517,100,92,9.31
-69.2033,176.3487,kaitangata,nz,272.367,95,92,13.86
-82.0012,162.02,bluff,nz,237.367,51,0,2.61
33.5418,154.828,sentyabrskiy,ru,285.767,100,92,9.36
-31.8007,-173.1372,vaini,to,295.067,99,36,9.26
-84.2261,-116.6135,punta arenas,cl,247.167,54,36,7.88
-0.3602,-156.9084,faanui,pf,300.817,100,44,3.48
39.842,147.4739,nemuro,jp,278.817,100,32,14.31
46.9688,52.4936,atyrau,kz,278.15,79,0,4.0
-25.8996,-77.4138,taltal,cl,291.317,100,24,5.06
80.2958,71.605,dikson,ru,251.517,74,36,5.63
75.1023,-53.9948,upernavik,gl,249.967,73,44,2.33
-60.8409,-153.5726,mataura,pf,273.967,98,8,10.36
63.2073,-157.3926,bethel,us,273.567,88,92,1.81
-4.1119,11.019,mayumba,ga,301.317,100,76,2.23
-30.7246,165.9027,vao,nc,295.367,100,80,6.11
-37.7576,-164.0667,avarua,ck,290.667,100,36,4.18
70.1462,-97.7511,thompson,ca,249.567,71,24,7.98
32.5653,-61.2445,saint george,bm,292.267,100,92,11.68
78.0521,-4.4051,klaksvik,fo,271.617,92,80,12.38
-0.5855,46.028,barawe,so,300.667,100,100,3.83
72.4348,-153.4039,barrow,us,270.917,94,80,10.53
34.4619,-115.6795,twentynine palms,us,295.5,20,1,5.7
83.1477,-56.8692,upernavik,gl,245.517,51,0,9.46
16.4227,146.5585,airai,pw,299.967,100,64,6.53
-43.0775,89.6372,busselton,au,283.71,60,88,1.79
-87.3161,118.2259,albany,au,224.867,0,36,8.58
-87.5336,-4.1847,hermanus,za,234.117,54,24,4.38
67.0472,-43.0918,tasiilaq,gl,241.367,54,20,10.83
-73.6933,-111.6419,punta arenas,cl,263.067,100,88,10.13
-89.742,-73.8814,ushuaia,ar,227.367,0,24,5.41
77.0276,164.9859,pevek,ru,255.867,81,80,6.61
72.1075,-9.7301,hofn,is,267.117,100,24,15.73
-8.5602,-9.0195,georgetown,sh,300.767,99,80,6.43
-78.7818,78.3734,busselton,au,217.567,0,8,12.73
-89.292,-105.2258,punta arenas,cl,226.867,0,24,4.53
18.0078,87.4062,puri,in,301.167,100,0,3.76
-6.4349,143.546,mendi,pg,292.467,88,0,0.76
18.6564,-36.0672,ponta do sol,cv,295.567,100,32,7.63
-8.2979,-71.8857,porto walter,br,301.067,78,92,1.61
-81.6191,-113.4283,punta arenas,cl,248.917,59,48,7.73
-51.3274,115.7068,albany,au,278.167,92,92,14.98
25.3471,116.8035,longyan,cn,291.117,97,92,1.01
-72.443,-129.723,rikitea,pf,262.117,94,56,9.56
44.6069,-26.8746,lagoa,pt,286.217,100,8,3.68
-77.232,-100.921,punta arenas,cl,245.417,42,0,7.66
-55.705,67.1422,saint-philippe,re,276.867,96,92,13.28
-35.8978,71.251,mahebourg,mu,291.717,100,80,10.11
51.7664,173.8689,nikolskoye,ru,276.517,97,92,14.96
13.1318,-67.4749,rincon,an,299.967,96,0,8.58
39.3118,31.3169,emirdag,tr,273.267,68,48,1.88
52.2445,116.6479,nerchinsk,ru,260.017,61,68,2.38
-35.7571,-13.115,jamestown,sh,290.417,100,0,13.93
-61.9178,-173.1382,vaini,to,276.867,90,92,10.11
-78.6561,-27.5344,ushuaia,ar,260.867,75,76,2.01
28.2638,68.01,usta muhammad,pk,299.367,50,88,1.28
83.8213,13.8102,barentsburg,sj,249.567,70,36,6.78
-50.6345,48.1511,tsihombe,mg,278.367,97,76,8.41
24.6573,148.8007,katsuura,jp,296.117,100,0,3.53
6.2983,8.3891,abakaliki,ng,300.117,74,32,3.38
31.0337,101.1909,yaan,cn,264.917,51,0,1.16
-82.9704,-28.2929,ushuaia,ar,250.267,66,48,5.63
9.9275,119.4335,caramay,ph,298.917,100,24,1.93
-14.6111,-166.7195,satitoa,ws,303.167,97,64,2.26
-53.7853,162.604,tuatapere,nz,284.017,90,92,13.16
-38.1577,-4.5694,jamestown,sh,287.567,100,88,6.08
-31.2094,148.4872,dubbo,au,295.15,60,0,4.1
-37.9643,45.188,tsihombe,mg,290.967,100,48,11.06
13.6851,144.5949,airai,pw,298.63,88,90,5.1
39.1533,130.3855,khasan,ru,278.517,100,92,7.36
69.6153,-40.354,tasiilaq,gl,233.117,58,0,6.16
-5.126,159.1806,buala,sb,298.517,100,88,5.71
46.5428,-168.091,bethel,us,278.267,99,76,4.06
67.7802,174.3769,komsomolskiy,ru,258.517,77,56,1.66
37.5676,-98.8143,great bend,us,296.77,53,90,4.1
55.5692,-176.7671,provideniya,ru,276.267,95,88,14.36
-53.6502,158.4701,tuatapere,nz,283.367,87,92,13.73
-30.7372,-66.9611,la rioja,ar,292.667,69,80,3.61
19.0831,-127.2527,guerrero negro,mx,295.617,100,64,7.73
38.6558,89.313,korla,cn,264.467,77,68,1.71
-39.8988,-169.2372,vaini,to,291.867,98,80,5.08
-73.324,161.7989,bluff,nz,233.767,0,36,2.36
-82.1043,146.0657,hobart,au,226.767,0,0,9.63
77.3751,-179.8075,mys shmidta,ru,257.917,94,88,7.63
32.3583,-152.7459,kailua,us,288.517,100,0,5.76
-33.5838,-164.4324,avarua,ck,293.567,100,92,6.98
1.0096,-9.2895,harper,lr,302.417,100,76,3.28
-7.0139,-35.9189,esperanca,br,298.15,88,40,4.6
-30.6832,-24.7973,sao joao da barra,br,294.467,100,0,9.21
-74.8602,-139.4989,rikitea,pf,250.917,60,0,2.38
45.5361,14.9786,kocevje,si,280.88,86,24,0.5
18.1022,164.4545,butaritari,ki,299.117,100,88,7.51
-60.8055,-132.7148,rikitea,pf,275.017,99,76,13.23
-55.713,90.1653,busselton,au,275.867,96,76,10.08
53.1906,-22.8362,vestmannaeyjar,is,279.867,100,92,6.46
27.7604,54.5755,lar,ir,286.15,87,0,1.43
-21.9294,-149.5879,mataura,pf,298.667,100,20,8.18
57.7014,121.7774,khani,ru,254.817,70,24,1.26
-38.4536,163.1709,te anau,nz,292.267,100,88,5.18
-37.1239,87.0289,busselton,au,292.167,97,80,6.68
24.646,16.1658,marzuq,ly,302.917,21,92,4.58
-85.9486,-167.3483,mataura,pf,227.017,100,12,1.83
58.7871,-55.7114,nuuk,gl,274.567,100,80,12.58
-63.1614,-15.1971,cape town,za,273.417,98,88,9.78
0.3457,-77.9411,pimampiro,ec,289.15,72,75,5.1
-20.5652,-131.8989,rikitea,pf,299.967,100,8,3.61
42.2183,-142.7583,sitka,us,282.017,100,48,1.36
-84.3617,120.4132,new norfolk,au,225.167,0,24,8.43
18.1733,171.714,butaritari,ki,298.767,99,12,7.11
-36.9985,-41.7197,cidreira,br,290.267,100,32,3.03
82.8654,81.2272,dikson,ru,256.917,83,56,8.21
32.046,-156.9223,kapaa,us,288.567,100,92,11.23
-16.1143,-12.9881,jamestown,sh,298.617,100,56,6.18
-34.2434,-14.059,jamestown,sh,292.217,100,64,11.71
4.8877,31.4252,juba,sd,295.667,83,32,3.71
-40.0382,109.46,busselton,au,286.267,100,68,5.53
-14.2469,1.072,jamestown,sh,297.867,100,0,6.56
66.5997,-112.458,yellowknife,ca,262.517,90,64,6.21
29.7072,-33.7125,ribeira grande,pt,292.567,100,88,8.23
72.6731,83.4424,karaul,ru,266.617,89,76,7.96
49.2883,-90.1458,thunder bay,ca,273.067,48,24,3.83
-52.6327,-157.4157,mataura,pf,281.867,95,36,12.91
-47.6568,-28.2706,cidreira,br,282.267,90,92,14.86
-8.5671,153.1783,buin,pg,299.067,100,88,4.93
-31.0645,-178.1579,vaini,to,296.067,98,56,10.93
72.9889,-96.5088,thompson,ca,252.017,100,24,4.66
61.6157,137.0881,solnechnyy,ru,251.067,58,0,0.26
51.9406,108.1825,onokhoy,ru,267.15,73,40,1.16
-12.6308,139.1574,nhulunbuy,au,301.417,100,44,3.71
-19.4478,69.1842,grand river south east,mu,299.867,100,88,15.96
62.1367,-6.5683,klaksvik,fo,278.15,86,92,8.7
-31.3104,24.5546,middelburg,za,285.417,62,8,1.48
23.5931,73.5846,meghraj,in,295.717,62,0,1.21
50.6215,55.5427,sol-iletsk,ru,269.567,81,0,1.33
60.4508,20.8663,uusikaupunki,fi,279.73,65,0,2.6
-69.4496,-12.1,cape town,za,271.667,98,88,9.53
17.0021,38.6993,ginda,er,292.667,78,0,2.13
10.9522,-1.5728,po,bf,299.367,70,20,0.31
-89.9832,-37.107,ushuaia,ar,227.367,0,24,5.28
-25.0786,-86.6203,marcona,pe,293.267,100,0,5.48
13.3958,155.2937,kavieng,pg,300.267,97,32,8.51
19.2368,-131.0001,lompoc,us,295.317,100,92,8.31
53.7347,117.7753,ksenyevka,ru,254.017,63,0,1.01
25.0469,-62.7133,the valley,ai,297.067,98,92,7.31
-20.8242,120.0208,port hedland,au,296.867,81,64,5.93
46.0614,109.4995,darhan,mn,263.717,57,0,6.78
69.7921,-157.6213,barrow,us,271.567,88,0,6.56
17.6956,-162.36,kapaa,us,297.417,98,20,3.76
-18.9945,-163.148,avarua,ck,299.267,100,64,1.78
68.7954,0.4218,raudeberg,no,274.467,100,0,10.03
-31.4537,96.5145,geraldton,au,293.117,100,76,9.23
-55.9094,-36.1608,mar del plata,ar,275.567,98,92,13.93
38.3056,-17.5683,camacha,pt,288.917,98,0,4.81
-5.9454,8.3016,mayumba,ga,302.167,97,12,5.93
-70.3611,-90.3953,punta arenas,cl,267.917,100,64,9.31
-72.7936,-123.1784,rikitea,pf,262.517,100,80,10.58
21.4786,52.8981,abu dhabi,ae,298.867,37,0,5.08
-57.2003,82.6723,busselton,au,275.467,95,44,11.33
-8.712,-178.5239,vaitupu,wf,302.567,100,56,5.31
-8.616,-23.4181,georgetown,sh,301.717,99,92,6.31
82.5824,-104.0822,yellowknife,ca,252.717,80,68,5.88
47.3057,-109.0017,lewistown,us,274.81,95,90,3.6
57.2446,-79.0488,attawapiskat,ca,258.317,99,44,13.28
14.9746,-117.4421,cabo san lucas,mx,298.467,98,0,6.68
-39.9774,-44.7548,chuy,uy,290.467,100,68,5.61
-13.3453,-73.9957,ayacucho,pe,292.15,55,40,2.6
-27.4957,-68.8645,copiapo,cl,272.767,97,32,0.98
-37.743,-10.7171,jamestown,sh,288.517,100,24,15.96
19.632,-55.4525,codrington,ag,297.767,100,80,7.51
24.5433,-6.4969,taoudenni,ml,298.967,28,0,3.76
-16.4045,83.884,hithadhoo,mv,300.067,100,88,7.21
-79.3245,-119.6563,punta arenas,cl,247.667,66,36,7.66
35.3085,-71.9703,virginia beach,us,289.967,100,0,5.61
71.6,-115.1581,yellowknife,ca,262.617,87,68,3.98
62.5419,152.662,seymchan,ru,253.767,58,0,1.91
59.5408,-118.7975,high level,ca,280.017,57,64,2.11
3.437,136.7629,kloulklubed,pw,297.467,100,92,4.83
56.286,-72.2073,chapais,ca,268.367,100,68,13.13
-35.0758,-153.2958,mataura,pf,292.117,100,68,6.73
7.0553,100.9544,nong chik,th,297.15,94,20,2.81
63.4463,104.6881,vanavara,ru,263.067,72,12,1.83
-74.6248,-29.1722,ushuaia,ar,267.917,95,92,2.33
34.1595,156.4158,sentyabrskiy,ru,285.067,100,92,6.38
-21.1905,-52.5462,panorama,br,305.417,42,32,4.26
-7.0367,148.4447,finschhafen,pg,301.567,100,56,0.76
-34.8617,-27.1926,arraial do cabo,br,290.517,100,48,6.83
-34.7848,174.9755,ngunguru,nz,294.567,100,88,8.43
57.6532,55.6078,yugo-kamskiy,ru,274.15,64,0,3.0
-41.7434,90.1825,busselton,au,287.167,90,64,9.21
57.6348,170.7637,nikolskoye,ru,274.567,94,92,11.33
-63.1256,-41.7409,ushuaia,ar,272.217,100,88,3.81
11.2323,119.4283,bacuit,ph,300.067,100,8,4.53
-71.686,176.4778,kaitangata,nz,270.867,100,80,7.68
-39.8309,161.7434,te anau,nz,292.117,100,92,5.63
68.2584,22.0505,kautokeino,no,275.15,86,75,5.1
-27.2332,6.2356,luderitz,na,295.067,100,0,6.21
-34.3522,149.8057,goulburn,au,284.467,91,76,0.78
6.77,-84.4852,burica,pa,303.017,100,64,1.91
-63.7099,40.6881,port alfred,za,274.017,96,76,6.31
-64.3593,121.2442,albany,au,271.067,100,8,4.98
26.1836,33.4553,qena,eg,281.567,74,0,0.66
33.0487,-108.6465,silver city,us,295.94,11,1,6.7
-79.3882,-79.3431,ushuaia,ar,238.467,48,56,2.46
73.3436,3.7277,sorland,no,273.017,100,88,20.43
25.0196,20.5066,jalu,ly,291.717,27,12,1.33
52.1076,2.9896,blankenberge,be,280.56,93,0,0.5
12.2662,-0.3819,koupela,bf,300.517,30,8,2.81
-41.0673,-158.2421,mataura,pf,288.967,100,68,2.38
16.664,-85.2306,savannah bight,hn,299.267,100,0,5.31
30.6807,-135.7826,half moon bay,us,289.517,100,0,3.86
12.6701,57.4267,salalah,om,299.617,100,0,3.26
-68.6449,-147.9486,mataura,pf,270.767,100,32,13.16
-12.3752,159.6409,honiara,sb,300.217,100,36,5.61
19.4452,-84.9255,cozumel,mx,298.017,100,0,6.08
82.8337,-54.9757,upernavik,gl,242.817,66,0,5.28
67.6535,-48.4686,qasigiannguit,gl,250.617,57,0,4.26
-19.6481,83.3636,hithadhoo,mv,298.917,100,36,5.83
30.8439,96.2668,tezu,in,261.567,66,24,1.13
43.4696,101.3825,hovd,mn,264.367,64,0,1.23
27.9423,-27.0975,los llanos de aridane,es,292.017,100,44,6.43
-86.0696,-124.5359,punta arenas,cl,224.717,0,20,0.93
58.4674,161.0053,palana,ru,257.067,84,24,0.83
86.0572,69.6779,dikson,ru,251.267,75,68,7.18
23.8166,174.7711,butaritari,ki,297.067,100,0,2.61
75.7418,-139.2744,aklavik,ca,270.867,97,88,8.33
47.0398,-155.2078,kodiak,us,279.417,100,32,4.38
-77.3389,141.8865,hobart,au,220.917,0,0,3.81
-86.5358,129.3041,new norfolk,au,226.967,0,32,9.36
17.663,-94.001,las choapas,mx,299.767,68,0,4.06
9.0063,-128.0425,atuona,pf,300.367,99,56,10.11
-38.4231,-103.6099,lebu,cl,293.717,91,64,14.06
-72.535,130.8016,new norfolk,au,234.267,50,48,1.51
0.0474,36.0197,rongai,ke,286.067,95,36,1.11
10.2988,-0.1694,mango,tg,303.567,22,12,3.63
17.6566,126.9639,pandan,ph,299.067,100,76,4.76
54.937,-34.1072,tasiilaq,gl,276.917,100,24,9.56
-66.7735,114.4188,albany,au,252.517,51,20,1.88
-59.8934,59.1435,taolanaro,mg,275.067,96,0,10.56
69.9035,121.9241,zhigansk,ru,265.267,84,80,3.68
-25.7824,97.3176,carnarvon,au,296.067,100,92,9.13
12.6483,-173.0376,kapaa,us,298.917,99,0,8.43
-36.719,-76.6621,lebu,cl,289.017,100,20,5.83
49.3071,138.9895,vysokogornyy,ru,260.617,70,68,2.58
-20.5209,-174.456,pangai,to,299.817,100,92,2.01
-86.9428,108.8775,albany,au,225.867,0,24,8.41
77.5281,-51.0386,upernavik,gl,242.917,48,24,5.48
-1.7716,76.8388,hithadhoo,mv,301.717,100,48,3.76
-19.8397,2.5831,jamestown,sh,296.767,100,0,5.88
-28.8218,-147.4729,mataura,pf,295.217,100,92,8.31
22.8658,32.97,aswan,eg,288.517,56,0,2.03
-20.6861,118.3924,port hedland,au,300.15,94,20,4.1
56.0609,-99.18,thompson,ca,269.667,53,48,3.61
-29.5159,-153.8397,avera,pf,295.017,100,48,9.98
-31.7907,169.4697,ahipara,nz,295.667,100,76,5.78
-88.5156,-168.3292,vaini,to,222.567,0,32,4.71
11.0686,124.3565,palompon,ph,298.267,100,8,2.91
-79.815,-131.8455,rikitea,pf,240.417,35,24,3.08
-6.2867,158.4267,buala,sb,298.817,100,92,4.13
-15.2729,-71.2847,chivay,pe,280.367,100,92,1.46
-25.2526,35.069,manjacaze,mz,299.417,100,0,7.31
-42.9609,55.8344,taolanaro,mg,284.767,100,8,7.23
71.7095,113.1565,saskylakh,ru,263.867,79,8,4.73
61.8871,112.6103,chernyshevskiy,ru,266.367,85,80,1.16
-84.153,-4.2324,hermanus,za,240.517,59,48,4.16
-34.6984,-56.4983,delta del tigre,uy,295.19,64,20,4.1
-78.6895,138.5148,hobart,au,221.017,0,0,8.23
55.6483,-12.2382,westport,ie,283.767,94,92,12.86
-45.6981,-109.4973,rikitea,pf,283.667,100,0,9.08
-6.647,77.6368,hithadhoo,mv,302.717,98,88,3.71
-66.4311,-84.9372,punta arenas,cl,272.917,100,80,11.78
-51.4104,70.7393,saint-philippe,re,277.417,98,88,8.58
71.7082,174.9442,komsomolskiy,ru,254.767,79,44,7.73
26.6251,-17.8162,adeje,es,291.517,100,68,4.86
25.7432,58.5838,minab,ir,290.667,69,0,1.16
-0.2688,-101.2629,puerto ayora,ec,300.217,99,0,5.66
-40.4938,65.1178,saint-philippe,re,287.767,100,64,5.31
-70.4514,20.4281,bredasdorp,za,258.167,58,0,7.51
48.2314,130.6408,amurzet,ru,257.267,62,0,1.01
-40.0382,-32.4132,arraial do cabo,br,289.267,100,56,8.53
-30.6776,165.1881,vao,nc,294.017,100,100,5.88
6.9629,70.3395,kulhudhuffushi,mv,301.667,100,0,2.81
35.6133,73.1031,mingaora,pk,272.867,90,64,0.36
-31.5513,114.6653,perth,au,292.667,100,0,12.91
20.5197,-109.2279,cabo san lucas,mx,296.667,100,0,4.96
17.2353,-57.9275,saint-francois,gp,298.717,98,76,7.73
53.8518,-153.3541,kodiak,us,277.567,99,88,3.18
-83.5824,-103.7627,punta arenas,cl,242.267,52,36,6.08
3.9179,9.5681,douala,cm,301.417,72,48,2.26
19.0243,66.2909,dwarka,in,299.967,98,0,5.56
-2.1287,-41.4396,luis correia,br,300.767,100,48,5.33
-81.5907,117.1478,albany,au,214.117,0,0,8.18
-25.7259,-104.6637,puerto ayora,ec,295.917,100,80,3.86
17.2182,-94.3106,hidalgotitlan,mx,299.767,68,0,4.06
-54.5882,24.8441,kruisfontein,za,275.067,95,44,18.58
-88.2136,-41.7883,ushuaia,ar,233.167,60,32,4.18
66.2981,47.5728,leshukonskoye,ru,271.417,86,68,3.86
68.5825,95.7755,tura,ru,262.667,84,48,2.16
-47.7095,-40.0678,chuy,uy,284.867,95,92,11.71
-60.8397,121.9593,albany,au,273.767,100,76,6.53
21.1435,80.8365,bhanpuri,in,293.567,58,0,1.46
-84.9844,-94.566,punta arenas,cl,224.817,0,20,0.98
-11.5936,-145.844,tiarei,pf,301.867,100,64,6.28
8.6086,-177.6062,vaitupu,wf,300.067,100,64,8.53
8.1525,-145.7402,hilo,us,300.317,99,80,7.73
82.8312,145.82,chokurdakh,ru,260.867,86,80,9.63
5.8949,171.5896,butaritari,ki,299.367,100,92,7.11
-1.1898,-87.0665,san cristobal,ec,299.917,100,0,2.58
-47.4438,40.7784,east london,za,279.167,100,56,3.38
-59.1221,-93.5267,punta arenas,cl,276.617,100,92,12.13
4.8659,-63.9311,ciudad bolivar,ve,298.917,73,20,0.66
65.5396,-0.6143,brae,gb,278.067,99,80,13.51
-40.4723,-88.5634,ancud,cl,291.117,94,88,12.13
-61.2177,115.9995,albany,au,274.167,100,88,5.08
3.4552,88.2547,banda aceh,id,302.517,100,44,4.03
-6.525,97.5527,bengkulu,id,301.767,100,44,5.93
-88.0712,-65.9713,ushuaia,ar,234.517,51,32,5.18
39.6886,69.1928,uroteppa,tj,275.317,92,48,1.01
-55.499,145.6692,hobart,au,278.367,95,56,11.13
16.1943,112.0706,wanning,cn,300.867,96,0,6.43
21.6306,-23.9252,ponta do sol,cv,293.167,100,32,4.98
54.8679,151.7961,sobolevo,ru,270.717,100,36,17.43
21.5887,90.806,lalmohan,bd,300.717,99,0,3.81
37.9488,80.4691,aksu,cn,283.467,28,20,3.38
37.0515,-168.8158,kapaa,us,284.217,100,92,10.58
-11.4693,83.0465,hithadhoo,mv,301.517,100,32,0.93
77.5675,-168.4443,lavrentiya,ru,264.317,92,80,4.63
66.9925,29.4925,alakurtti,ru,275.37,90,48,2.68
43.614,30.9283,sfantu gheorghe,ro,280.017,100,0,6.43
88.7404,169.0541,pevek,ru,254.717,78,48,3.91
27.8938,-157.5402,kapaa,us,291.117,100,44,7.53
-42.0029,-58.9272,necochea,ar,288.017,88,88,9.36
-71.3186,-132.2665,rikitea,pf,267.117,100,64,11.61
73.1409,3.6626,sorland,no,273.017,100,88,20.43
-23.8446,-124.3853,rikitea,pf,300.067,98,44,7.46
-61.3231,-17.6353,cidreira,br,273.717,95,88,10.36
-66.5901,5.2326,hermanus,za,268.417,100,76,6.18
58.0007,-79.7932,attawapiskat,ca,261.617,94,64,9.91
27.501,42.1245,buraydah,sa,287.15,33,0,1.0
-19.1942,-32.7523,caravelas,br,301.017,100,100,1.11
28.4325,-145.5588,hilo,us,293.517,91,80,11.11
65.7379,160.045,cherskiy,ru,251.467,71,24,1.56
-7.3726,119.0708,bima,id,301.267,100,56,4.03
-47.9564,-178.7028,vaini,to,285.117,96,68,2.86
57.3554,-0.8622,boddam,gb,282.217,88,12,12.06
75.8308,168.6244,pevek,ru,253.367,88,44,5.53
5.6236,133.8409,kloulklubed,pw,300.717,100,76,7.46
-77.6173,104.4788,albany,au,212.667,0,20,0.61
20.3253,164.8098,butaritari,ki,298.217,100,44,5.21
32.9633,-53.3123,saint george,bm,292.317,100,92,3.41
-74.8585,90.9322,busselton,au,225.417,0,20,5.73
19.2584,-139.1325,hilo,us,296.417,98,92,7.18
-2.2779,-90.8583,puerto ayora,ec,300.667,100,0,3.36
17.3521,-164.2104,kapaa,us,297.317,98,12,4.71
67.4456,25.9437,rovaniemi,fi,278.15,81,0,6.2
79.7264,-103.5422,yellowknife,ca,248.317,79,48,3.68
78.5585,-5.5196,klaksvik,fo,267.167,93,88,17.53
8.4936,33.0066,gambela,et,300.517,30,56,1.33
-51.6686,-9.7197,cape town,za,276.267,96,48,8.06
-12.1942,-132.3027,atuona,pf,300.767,100,12,5.98
-57.538,-56.9329,ushuaia,ar,277.867,88,20,11.01
-5.1559,-135.7799,atuona,pf,299.967,100,88,6.73
25.7624,-176.8041,kapaa,us,295.067,100,48,5.31
-70.4587,-33.5141,ushuaia,ar,271.817,96,92,3.16
-46.8704,-160.1294,avarua,ck,286.167,100,12,6.56
4.7228,-178.8676,vaitupu,wf,300.317,100,80,6.83
-65.4578,150.5389,hobart,au,273.767,90,24,10.03
4.9299,-86.7521,burica,pa,302.167,100,24,1.83
-12.8754,92.3309,bengkulu,id,300.667,100,68,4.83
19.4406,48.6931,najran,sa,297.167,29,0,4.63
22.3869,152.0746,katsuura,jp,295.117,100,92,3.36
25.4368,159.298,hasaki,jp,296.217,98,24,3.38
81.9921,158.8229,cherskiy,ru,256.017,90,68,10.26
35.153,173.9552,nikolskoye,ru,287.217,96,12,8.56
-67.4352,170.6562,bluff,nz,273.617,89,88,15.83
18.1165,-132.9076,lompoc,us,296.317,100,76,7.31
-79.7033,-28.8327,ushuaia,ar,258.567,70,76,2.38
-50.2631,-71.8648,rio gallegos,ar,289.067,46,0,2.18
-12.168,143.5309,daru,pg,301.117,100,24,4.06
56.5997,72.8992,bolshiye uki,ru,271.917,92,68,6.41
-38.4567,-38.5861,cidreira,br,289.617,100,36,3.06
43.2294,-13.5554,muros,es,287.067,98,0,8.51
-2.7382,-33.492,touros,br,301.267,100,92,3.18
35.5438,13.4284,san lawrenz,mt,287.967,100,20,10.21
88.4769,-171.1657,mys shmidta,ru,254.667,79,56,3.68
43.2036,-16.5501,muros,es,287.267,96,0,4.88
25.3864,-178.4343,kapaa,us,295.667,100,68,7.13
18.4066,-75.7575,port antonio,jm,296.767,100,48,2.63
-89.3374,151.1163,bluff,nz,224.867,0,20,4.71
48.3677,112.4651,kyra,ru,259.267,67,24,2.28
61.1927,123.2641,kysyl-syr,ru,253.967,58,0,1.83
-27.6242,-82.8902,coquimbo,cl,292.317,100,64,4.81
25.2401,94.999,phek,in,286.417,77,0,1.43
20.7767,-78.8857,vertientes,cu,300.167,85,20,4.98
36.2655,-15.692,camacha,pt,289.367,100,80,8.11
-30.1756,19.7675,calvinia,za,291.767,43,24,3.48
48.1453,168.7817,nikolskoye,ru,275.317,98,88,21.03
-68.4847,-124.0213,rikitea,pf,271.267,100,76,3.76
-57.3242,20.5519,bredasdorp,za,274.067,97,36,17.21
81.537,-96.5088,thompson,ca,251.767,87,68,5.08
-37.0319,-64.6977,santa rosa,ar,297.267,46,36,9.31
-80.6306,165.5322,bluff,nz,241.217,37,0,6.41
89.8657,53.2374,belushya guba,ru,247.667,62,36,2.91
48.6739,143.8192,poronaysk,ru,268.367,98,80,11.06
38.9391,177.2964,nikolskoye,ru,285.767,94,68,10.03
-42.0439,95.4069,busselton,au,286.217,100,92,8.23
75.8674,36.4143,tumannyy,ru,273.267,91,92,11.06
-79.0756,-170.3037,vaini,to,247.917,80,76,5.03
-44.4139,-116.2058,rikitea,pf,284.067,100,0,4.83
61.0454,-124.4742,fort nelson,ca,273.967,84,92,1.23
-58.199,53.2062,taolanaro,mg,275.567,93,56,14.06
16.4566,-87.1515,sandy bay,hn,300.15,57,20,4.1
37.5161,-154.1585,kapaa,us,285.167,99,92,2.28
-12.8864,-67.7672,tambopata,pe,305.367,49,0,4.53
-17.9357,40.2984,angoche,mz,300.867,100,32,3.31
67.5977,-137.5457,aklavik,ca,270.267,88,20,1.48
-81.8067,124.3956,new norfolk,au,217.367,0,0,10.23
41.7674,-86.4601,niles,us,288.36,51,90,3.98
53.9392,8.319,cuxhaven,de,281.67,93,75,1.5
11.2363,-137.4363,hilo,us,299.967,99,64,9.76
15.3112,131.1991,san policarpo,ph,299.467,100,20,7.06
-55.4501,175.4185,kaitangata,nz,282.467,91,92,10.78
-68.8601,155.6594,bluff,nz,268.817,88,92,8.43
-43.4518,42.9191,margate,za,286.667,85,48,11.96
-30.967,102.2457,geraldton,au,291.917,100,76,9.71
59.4927,176.854,beringovskiy,ru,274.667,99,88,13.28
-39.525,172.9508,opunake,nz,291.667,100,100,9.81
-73.4225,-44.1462,ushuaia,ar,260.417,89,80,3.91
66.0453,111.861,aykhal,ru,259.117,52,8,1.88
-71.659,156.6473,bluff,nz,250.567,60,64,11.26
40.0088,-133.2533,fortuna,us,284.367,97,76,9.41
85.7325,-109.851,yellowknife,ca,251.717,73,56,3.31
73.3405,7.1821,sorland,no,274.467,100,92,18.68
-72.7911,168.3824,bluff,nz,242.367,29,48,0.38
22.3758,-171.9659,kapaa,us,295.867,100,92,5.93
55.745,102.859,vidim,ru,268.667,81,80,1.93
12.0441,153.2005,kavieng,pg,299.367,100,88,7.56
-4.8998,-19.3819,georgetown,sh,301.867,100,12,3.63
-36.8589,-110.999,rikitea,pf,294.767,91,88,9.88
45.4733,-82.3085,little current,ca,279.2,56,1,9.3
-65.6426,-106.4531,punta arenas,cl,272.567,100,0,6.61
12.4914,-175.7839,kapaa,us,298.417,100,64,8.51
-65.6638,-166.5135,avarua,ck,271.617,100,0,4.98
85.7292,158.8623,cherskiy,ru,255.167,86,76,9.33
-74.8469,-170.2234,vaini,to,261.917,92,12,5.03
7.6555,39.4836,robe,et,280.167,88,12,0.26
39.5265,156.4589,sentyabrskiy,ru,280.067,100,92,12.18
-68.4085,-174.6778,vaini,to,271.067,100,68,9.93
-8.6683,67.8217,hithadhoo,mv,302.517,99,88,6.51
-86.1037,-133.8212,rikitea,pf,233.617,58,12,5.11
2.5363,164.0829,butaritari,ki,301.067,100,48,7.46
-73.385,-44.8123,ushuaia,ar,260.617,88,80,4.13
64.3719,-137.6833,mayo,ca,272.517,92,76,1.16
58.6073,171.9806,tilichiki,ru,274.367,98,92,14.38
-67.7065,-135.7631,rikitea,pf,271.367,100,68,15.51
10.8074,-48.057,cayenne,gf,298.667,98,8,9.58
20.7075,-143.2855,hilo,us,295.417,100,56,8.53
-16.7474,-55.1248,rondonopolis,br,298.367,92,64,2.36
-76.026,-129.3588,rikitea,pf,248.767,70,48,4.73
86.2489,131.8095,tiksi,ru,257.117,82,64,7.28
89.1408,98.3291,khatanga,ru,251.817,86,68,5.41
-4.1743,54.0158,victoria,sc,302.117,100,0,3.91
32.3321,-148.951,kahului,us,289.417,99,100,14.63
-42.301,-82.184,ancud,cl,289.017,95,64,11.36
-71.9896,-103.6251,punta arenas,cl,258.217,97,8,1.23
-34.7641,-48.7203,rio grande,br,293.167,100,48,5.51
62.5037,68.6236,oktyabrskoye,ru,275.317,97,80,2.18
70.5776,164.364,bilibino,ru,255.067,88,80,9.68
37.0876,-135.5865,fortuna,us,285.767,100,64,7.21
-37.8592,154.9678,ulladulla,au,295.517,100,80,7.91
-58.6076,-59.5423,ushuaia,ar,277.167,86,76,13.76
41.2813,-119.8657,susanville,us,280.15,56,90,3.1
85.8481,177.2744,leningradskiy,ru,252.667,80,76,5.98
-25.3123,-178.3059,vaini,to,297.117,100,92,9.31
-10.0632,44.6552,mitsamiouli,km,302.767,100,12,1.83
49.4942,98.72,moron,mn,256.567,68,20,2.68
63.652,142.4814,ust-nera,ru,252.267,63,44,1.13
61.2792,91.2568,teya,ru,267.567,87,12,1.66
-7.971,127.8017,atambua,id,301.917,98,88,4.06
-61.1363,83.9475,busselton,au,273.517,100,12,11.81
-44.0647,-1.0451,cape town,za,283.867,98,24,15.33
61.0915,63.9895,zelenoborsk,ru,273.017,93,80,2.68
-58.5071,15.9813,hermanus,za,273.617,100,64,13.53
-58.3945,80.0445,busselton,au,274.867,97,48,11.03
80.024,87.2344,dikson,ru,262.717,92,68,9.01
-26.2421,-106.3615,rikitea,pf,296.917,100,0,4.76
86.91,-17.5651,illoqqortoormiut,gl,248.367,78,32,6.83
81.6185,57.976,belushya guba,ru,252.017,98,56,2.38
29.1405,-171.1318,kapaa,us,289.017,100,8,2.73
38.9236,-85.6095,north vernon,us,293.91,28,1,5.7
54.9515,-85.9151,attawapiskat,ca,259.15,50,75,10.3
-23.3313,-158.0943,avarua,ck,297.167,100,92,13.13
-8.1547,58.1727,victoria,sc,302.267,96,36,6.63
-30.9361,-112.5635,rikitea,pf,296.267,100,68,6.28
16.1451,137.237,airai,pw,299.517,100,36,6.98
62.6691,78.4929,novoagansk,ru,271.717,85,88,3.48
-76.3441,18.7003,bredasdorp,za,227.417,0,12,2.16
-83.8642,-134.8555,rikitea,pf,242.167,32,0,7.36
5.7786,166.3011,butaritari,ki,301.417,100,64,8.08
80.7895,100.68,khatanga,ru,265.067,95,68,6.61
79.5371,107.3925,khatanga,ru,266.017,92,76,5.06
-79.2827,-87.4863,punta arenas,cl,230.017,0,8,1.78
-49.8369,-41.2776,mar del plata,ar,279.167,92,88,8.11
-35.8636,91.7246,busselton,au,291.567,100,36,6.18
54.4335,50.8166,nurlat,ru,273.167,96,92,4.43
50.0606,-40.0559,nanortalik,gl,277.517,100,36,9.11
37.8007,-66.5609,nantucket,us,288.817,100,64,6.51
87.8629,-168.0953,barrow,us,252.767,79,76,5.03
-1.1125,67.1627,hithadhoo,mv,302.067,100,44,3.36
19.3556,-91.9775,carmen,mx,297.767,100,8,6.06
-38.5406,93.0632,busselton,au,289.417,100,92,6.43
-15.4663,-87.3239,huarmey,pe,296.117,100,0,5.76
-77.8466,33.7679,port elizabeth,za,229.667,74,20,4.71
-24.2069,151.2193,gladstone,au,296.33,88,75,4.1
-43.2124,7.5139,cape town,za,284.167,91,92,8.51
78.2009,151.203,chokurdakh,ru,265.117,86,76,5.66
89.9391,19.41,longyearbyen,sj,247.667,62,36,2.86
-10.2161,-115.216,rikitea,pf,299.567,100,0,6.63
66.1577,67.324,aksarka,ru,268.667,78,0,4.81
-58.1937,22.1383,bredasdorp,za,274.217,95,76,19.13
81.2974,-2.7291,barentsburg,sj,253.067,77,24,13.61
-34.3289,151.4194,sydney,au,293.03,68,20,3.1
-42.8877,104.3711,busselton,au,284.417,100,88,4.71
77.0134,74.1364,dikson,ru,260.917,87,64,5.51
79.5134,-7.2128,husavik,is,260.367,90,88,20.13
57.6859,137.8499,ayan,ru,258.267,77,68,1.01
-66.5066,-118.2511,rikitea,pf,272.867,100,80,5.98
-82.7443,-83.2888,ushuaia,ar,240.267,35,8,7.41
58.3412,177.4843,beringovskiy,ru,274.967,96,92,12.96
30.7872,131.8246,kushima,jp,290.217,100,100,4.48
55.2111,39.1701,krasnaya poyma,ru,269.26,65,64,0.45
78.4164,25.8765,honningsvag,no,269.017,91,88,14.53
10.8584,-105.8691,lazaro cardenas,mx,302.067,96,8,6.73
-64.983,111.3031,albany,au,269.317,100,80,3.73
-89.7738,-138.6605,rikitea,pf,227.367,0,24,5.61
80.6439,-40.2166,tasiilaq,gl,239.767,35,0,7.66
23.4003,-112.3951,constitucion,mx,293.417,100,0,6.98
86.0709,143.9723,chokurdakh,ru,257.117,82,68,8.56
-2.7705,104.1597,palembang,id,297.15,100,75,1.0
27.1407,69.547,khanpur,pk,298.917,43,68,1.03
72.548,117.8507,saskylakh,ru,265.117,82,64,5.76
-72.3593,42.1963,port alfred,za,228.367,0,0,13.91
-76.6078,-34.8026,ushuaia,ar,256.767,93,88,4.03
57.4533,-98.1819,thompson,ca,261.167,90,12,5.63
55.889,-92.9046,thompson,ca,263.917,63,24,8.56
67.3317,80.6129,tazovskiy,ru,270.367,88,80,8.21
-17.7228,-60.6943,san jose,bo,304.15,48,90,3.51
-18.0878,-71.3429,ilo,pe,296.15,78,75,2.1
77.4891,-16.8376,illoqqortoormiut,gl,255.117,86,68,22.51
-76.6922,134.5798,hobart,au,220.067,0,20,1.56
-85.4553,145.1389,hobart,au,227.567,0,8,8.73
62.1292,-159.0626,bethel,us,276.15,74,75,2.6
-87.4644,-38.2467,ushuaia,ar,236.967,42,32,4.66
16.844,104.9088,that phanom,th,295.267,98,76,1.78
-11.1013,174.7117,asau,tv,300.917,100,76,6.46
88.3739,143.6041,chokurdakh,ru,255.567,83,68,5.21
65.4586,-78.7156,iqaluit,ca,263.767,95,80,9.08
58.9026,-117.4507,high level,ca,282.15,42,75,5.7
-10.0634,169.2211,lata,sb,301.967,100,80,4.73
8.1177,115.6152,balabac,ph,301.217,99,24,3.93
-58.9328,79.4845,busselton,au,274.467,99,48,11.06
13.0761,-52.8593,bathsheba,bb,299.017,96,0,7.81
72.5164,-125.6852,norman wells,ca,266.15,92,90,6.2
-83.9944,103.3095,albany,au,220.467,0,32,7.63
-87.3357,166.3558,bluff,nz,226.517,0,12,10.13
38.1358,-97.1344,newton,us,294.39,60,90,3.1
-85.6529,-96.9099,punta arenas,cl,235.667,49,20,4.31
71.2141,174.4635,komsomolskiy,ru,254.217,83,44,7.81
78.5855,54.5387,belushya guba,ru,264.517,90,76,6.53
33.6543,98.3838,xining,cn,254.167,56,20,3.08
85.4083,-110.8988,yellowknife,ca,253.817,85,64,4.83
-54.6439,103.8893,busselton,au,277.667,85,92,16.96
66.0456,87.6279,turukhansk,ru,265.867,83,80,4.98
-17.586,-137.7492,rikitea,pf,302.117,99,0,3.83
66.0121,-133.2133,inuvik,ca,275.917,88,20,1.88
6.5034,-72.4583,el espino,co,291.267,60,44,0.43
48.3668,-163.1081,bethel,us,277.517,100,20,2.78
-23.3472,37.8531,inhambane,mz,299.617,100,36,6.06
-43.0313,114.4089,albany,au,284.017,100,68,9.68
-35.1325,79.9558,bambous virieux,mu,293.867,96,48,6.91
-13.6228,109.6702,bambanglipuro,id,300.617,100,76,2.73
-81.653,115.2336,albany,au,213.367,0,0,7.56
-40.2847,127.2127,esperance,au,284.917,100,48,13.81
16.8766,143.3844,airai,pw,299.517,100,8,5.11
3.2352,10.4314,lolodorf,cm,299.567,86,24,1.61
-4.8004,124.2342,katobu,id,299.767,100,64,5.08
46.3894,129.2112,yilan,cn,262.717,57,20,1.28
60.9282,-119.6057,high level,ca,277.867,60,80,1.68
-86.3795,95.6173,albany,au,222.067,0,32,6.86
14.4278,168.721,butaritari,ki,299.067,100,12,9.08
47.0323,-86.3547,marquette,us,275.017,86,20,8.11
-13.8201,-62.2604,rolim de moura,br,296.767,84,92,2.16
-84.0307,-19.4515,ushuaia,ar,245.017,60,36,6.23
-47.2213,-31.7706,cidreira,br,282.667,85,92,14.76
-65.1242,-89.5218,punta arenas,cl,273.367,100,88,11.58
17.9384,143.355,airai,pw,298.867,100,64,3.38
-78.5724,-73.6334,ushuaia,ar,247.167,64,56,3.68
-64.4533,-91.6445,punta arenas,cl,273.717,100,0,9.66
74.9934,29.2724,berlevag,no,275.967,96,36,8.23
-2.5406,88.185,meulaboh,id,301.317,100,48,3.86
-42.6453,-70.983,san carlos de bariloche,ar,293.817,29,0,1.73
-49.6439,111.6054,albany,au,279.317,90,92,14.03
-46.9664,-167.0642,avarua,ck,286.267,100,80,5.73
-19.2035,-150.1661,papara,pf,301.467,99,20,4.98
26.4224,106.7029,guiyang,cn,289.15,63,20,2.0
13.5429,144.7524,airai,pw,298.63,88,90,5.1
-24.1453,-92.8757,pisco,pe,294.267,100,20,5.06
-62.4909,-21.0916,chuy,uy,273.367,97,88,3.81
18.5513,-44.1612,sinnamary,gf,296.817,100,8,8.36
7.0722,-83.7025,burica,pa,303.067,100,0,3.48
-77.0244,-102.3062,punta arenas,cl,246.217,59,8,7.88
0.0904,-176.6761,vaitupu,wf,300.717,100,68,5.53
-10.8322,-125.2728,atuona,pf,300.517,99,0,6.23
18.4453,-31.1837,ponta do sol,cv,294.917,100,0,6.83
-75.4214,-160.4059,mataura,pf,256.267,87,0,7.51
-22.8586,33.5553,chokwe,mz,296.067,75,0,0.81
-56.372,118.6494,albany,au,276.467,99,92,11.81
86.2455,-122.167,tuktoyaktuk,ca,253.067,78,36,3.03
-37.3558,82.2033,bambous virieux,mu,292.567,98,88,8.36
-30.2954,-86.8571,lebu,cl,293.067,100,0,4.58
-6.3046,105.7161,labuhan,id,300.167,94,56,4.48
74.1583,101.619,khatanga,ru,265.667,73,12,11.43
-24.276,174.844,isangel,vu,298.467,99,36,7.28
-51.6009,-134.1552,rikitea,pf,283.067,90,92,12.71
-15.4279,90.4822,bengkulu,id,299.167,100,80,5.71
-51.784,169.733,bluff,nz,284.367,91,92,8.66
-75.0866,123.3179,new norfolk,au,228.767,0,24,2.86
-87.7782,-156.9434,mataura,pf,231.567,67,20,9.88
-82.4442,-90.9911,punta arenas,cl,235.967,50,0,4.96
28.2074,105.5768,luzhou,cn,283.817,67,64,1.38
-83.7833,-151.0736,mataura,pf,237.167,54,8,2.61
0.7839,-149.4036,atuona,pf,301.067,96,68,5.76
-30.5215,-21.3675,jamestown,sh,294.867,100,24,9.48
-33.6239,-88.807,lebu,cl,291.867,100,0,1.46
86.3473,177.374,leningradskiy,ru,252.767,79,68,5.78
69.302,9.9089,sorland,no,276.567,100,32,15.03
-41.3224,-172.3761,vaini,to,291.517,99,80,1.28
88.4319,-110.8217,yellowknife,ca,248.517,77,48,0.33
43.5138,-175.7843,provideniya,ru,280.917,89,8,8.36
-73.4232,113.2502,albany,au,236.367,40,36,4.96
35.4359,28.3676,lardos,gr,287.367,100,92,8.58
-43.34,-50.8846,mar del plata,ar,290.567,94,32,7.13
4.7693,32.2945,torit,sd,295.167,85,36,2.73
-68.5953,-81.7914,punta arenas,cl,272.367,100,92,9.08
-76.2406,-158.3228,mataura,pf,256.417,86,0,9.66
45.3513,-127.2288,newport,us,282.967,96,68,8.98
12.3678,155.604,kavieng,pg,300.367,98,68,9.21
23.1312,-147.2202,hilo,us,294.917,99,12,8.66
-69.0344,-140.2415,rikitea,pf,270.067,100,24,12.16
-32.0547,-2.2025,jamestown,sh,296.367,97,76,7.43
18.7132,-12.3167,atar,mr,302.167,30,0,3.36
81.2576,31.9477,berlevag,no,261.817,93,80,12.48
73.1803,-95.2838,thompson,ca,250.017,67,12,3.23
0.6917,152.6041,kavieng,pg,302.067,100,0,4.86
45.8077,38.2519,grivenskaya,ru,274.067,93,24,2.68
-77.4856,-20.3757,ushuaia,ar,253.167,62,64,5.61
50.7578,124.5918,alihe,cn,252.617,51,8,1.26
83.0932,76.4359,dikson,ru,254.117,82,64,7.76
-64.2361,-109.9835,punta arenas,cl,273.667,100,64,10.66
-21.4135,134.2759,alice springs,au,287.167,60,0,3.13
-57.5754,18.5459,bredasdorp,za,274.067,97,36,15.48
20.3111,116.8936,jiazi,cn,298.717,97,0,4.43
-49.7742,-135.5122,rikitea,pf,283.917,93,92,12.11
77.737,-156.9642,barrow,us,268.017,96,80,3.51
9.8312,6.6328,minna,ng,300.917,39,0,3.23
-38.6755,-16.9009,jamestown,sh,287.667,100,36,11.26
84.9839,-44.571,upernavik,gl,242.417,68,0,6.61
73.2146,162.4716,cherskiy,ru,259.767,89,64,7.13
-36.5468,157.1693,nelson bay,au,294.267,100,76,8.13
78.4432,-77.5413,qaanaaq,gl,237.417,49,24,0.46
68.2827,10.4612,sorland,no,276.867,100,92,11.36
46.4733,-34.7786,ribeira grande,pt,287.017,94,92,11.13
-24.4596,-143.5441,mataura,pf,294.867,100,100,4.76
62.8137,153.4634,seymchan,ru,253.717,71,0,2.93
-8.2062,19.5136,lucapa,ao,294.217,87,76,1.06
-45.9896,133.5105,mount gambier,au,281.567,100,36,9.93
-34.0699,-65.5196,mercedes,ar,297.167,49,92,5.66
8.1288,-76.7262,turbo,co,300.15,83,90,6.2
-46.8353,62.0686,saint-philippe,re,282.017,100,48,8.78
8.9876,89.6918,port blair,in,301.567,100,32,3.91
76.436,-63.6351,narsaq,gl,254.917,97,56,5.38
-60.434,128.5433,new norfolk,au,274.117,100,24,12.71
-75.6156,-148.5109,mataura,pf,257.917,84,0,11.93
0.7831,10.5162,acurenam,gq,295.367,91,88,1.11
4.2535,62.9485,mahibadhoo,mv,301.617,100,0,4.93
-33.1596,-117.2398,rikitea,pf,296.417,94,92,8.86
-38.644,-15.2784,jamestown,sh,287.567,100,48,11.23
-20.2848,-57.3582,fuerte olimpo,py,305.017,65,56,1.71
48.1445,-46.2653,torbay,ca,273.617,99,0,6.23
15.776,30.2617,bara,sd,291.667,17,0,3.76
-66.8638,-38.2325,ushuaia,ar,270.617,100,44,4.93
-20.3276,10.6345,opuwo,na,294.717,95,0,8.41
-48.2026,-24.4993,arraial do cabo,br,281.717,90,92,16.41
-85.7513,8.6645,hermanus,za,234.367,52,32,3.31
-15.9578,-109.0994,puerto ayora,ec,298.067,100,0,7.28
-85.4525,156.8705,bluff,nz,230.817,75,0,9.18
13.0865,-40.7866,cayenne,gf,297.367,100,56,9.36
-49.683,-46.3474,mar del plata,ar,280.267,99,88,5.31
43.2594,150.9868,sentyabrskiy,ru,273.217,100,56,17.06
1.4178,128.0604,ternate,id,296.867,100,64,1.01
-13.9033,-6.273,jamestown,sh,298.517,100,76,6.21
-15.7984,148.0857,cairns,au,300.467,100,56,4.18
85.4225,98.3074,khatanga,ru,258.617,80,76,8.01
27.8635,-17.919,los llanos de aridane,es,290.12,68,0,3.1
14.7121,-158.9572,hilo,us,297.267,100,64,5.33
-59.4478,-3.957,cape town,za,273.667,100,88,6.86
8.7993,-139.3467,atuona,pf,301.017,97,68,9.71
-88.1897,-139.9306,rikitea,pf,228.567,92,20,7.53
55.2846,178.9014,beringovskiy,ru,276.667,91,92,11.13
73.8474,0.451,roald,no,272.067,100,92,14.93
10.637,-93.8689,champerico,gt,302.167,95,0,6.33
-77.5844,53.9375,east london,za,220.667,0,0,13.71
-87.6158,-37.2134,ushuaia,ar,237.067,41,32,4.71
4.1405,136.3949,kloulklubed,pw,298.017,100,92,1.81
-32.0711,78.4092,bambous virieux,mu,294.867,100,68,5.11
-16.0769,-23.2223,georgetown,sh,300.517,100,48,7.13
55.0035,-60.0243,saint-augustin,ca,272.617,92,88,11.21
-56.267,-150.6809,mataura,pf,276.817,92,88,13.26
-74.4836,92.0135,busselton,au,222.767,0,20,4.03
75.8402,163.5551,cherskiy,ru,258.167,84,68,6.33
-21.9786,117.9458,roebourne,au,295.367,79,64,1.23
-17.3135,-124.866,rikitea,pf,300.017,100,92,3.83
56.0019,70.931,abatskoye,ru,273.217,91,88,7.88
0.6614,152.5493,kavieng,pg,302.067,100,0,4.86
-79.8653,-121.5286,punta arenas,cl,248.067,65,36,8.11
1.7184,-109.3429,ixtapa,mx,300.367,100,92,7.28
65.191,-103.1339,la ronge,ca,252.717,79,12,4.96
-37.2454,67.0597,souillac,mu,289.917,100,24,8.23
-9.0434,132.2022,nguiu,au,301.317,100,64,7.13
-24.0126,27.4944,ellisras,za,290.517,92,24,1.26
66.2649,-15.4181,husavik,is,269.417,66,0,4.88
40.9,39.258,besikduzu,tr,280.29,65,75,1.5
-0.5498,-29.5406,touros,br,300.717,100,68,2.86
-18.7452,85.2154,hithadhoo,mv,299.517,100,80,5.41
39.9732,57.4618,baherden,tm,279.267,92,20,1.58
34.7741,27.8069,karpathos,gr,287.517,100,92,10.36
75.0805,-73.2341,qaanaaq,gl,254.417,100,36,3.28
36.9056,-110.024,cortez,us,288.767,69,8,1.81
53.7949,162.784,ust-kamchatsk,ru,274.917,97,88,17.13
-31.0839,63.5153,souillac,mu,296.817,100,88,10.08
77.006,160.1668,cherskiy,ru,259.667,89,80,7.88
-29.2605,133.0349,flinders,au,288.417,79,56,5.21
-46.0845,178.0497,waipawa,nz,286.567,100,12,1.11
18.4571,-133.5885,lompoc,us,296.067,100,92,7.01
29.7652,-86.6131,destin,us,290.417,100,8,2.41
56.3577,-28.7102,grindavik,is,278.317,100,48,15.98
-64.0342,-148.5155,mataura,pf,272.517,100,24,10.68
-29.5691,-115.8307,rikitea,pf,297.767,96,32,8.78
38.0002,162.8176,severo-kurilsk,ru,282.867,100,92,7.31
-77.5725,-97.7472,punta arenas,cl,243.667,49,0,7.63
-73.1691,139.6407,hobart,au,230.867,75,24,5.73
82.7393,-63.3708,narsaq,gl,240.067,42,20,1.81
41.8822,-36.7611,ribeira grande,pt,289.417,95,80,9.48
13.7592,-72.5512,manaure,co,302.917,49,64,4.36
-52.0361,121.4289,albany,au,277.867,99,92,14.06
-13.4096,79.4865,hithadhoo,mv,301.567,100,88,2.58
35.7268,51.5287,pakdasht,ir,281.08,70,40,4.1
-69.9278,-65.4131,ushuaia,ar,258.017,77,64,9.26
-80.1166,152.9793,bluff,nz,233.517,66,0,12.51
81.9616,51.1265,belushya guba,ru,252.767,93,76,4.88
-88.9365,107.4366,albany,au,225.017,0,20,5.31
-68.2546,-31.5632,ushuaia,ar,272.117,97,88,3.81
-4.2416,67.3435,hithadhoo,mv,302.117,100,64,3.36
-17.9533,-109.7639,rikitea,pf,298.267,100,0,7.96
-25.8998,75.823,grand river south east,mu,298.417,100,88,10.03
9.1534,-4.3151,dabakala,ci,299.017,76,76,1.93
-23.3085,159.2575,poum,nc,299.017,100,64,4.63
24.181,153.731,hasaki,jp,297.017,97,12,2.38
84.3693,-74.8384,qaanaaq,gl,249.567,70,32,2.86
-55.7216,-98.3828,punta arenas,cl,278.267,100,88,7.68
53.827,-53.9577,saint anthony,ca,270.867,85,56,16.38
-20.0753,98.6735,palabuhanratu,id,298.017,100,92,6.78
-24.2649,-173.1294,vaini,to,297.017,100,92,10.98
-57.148,-41.2075,mar del plata,ar,275.667,94,88,15.71
8.2186,177.4976,butaritari,ki,301.067,97,80,10.23
35.7179,-143.3693,kahului,us,286.817,96,92,7.58
34.48,-51.6366,saint-pierre,pm,292.267,100,92,3.93
62.2657,127.2838,berdigestyakh,ru,252.367,54,0,1.13
-86.5511,25.53,bredasdorp,za,230.267,78,24,5.03
30.5037,58.2093,kerman,ir,295.117,16,0,5.78
84.0095,-120.2872,tuktoyaktuk,ca,251.567,89,64,4.93
-36.4054,50.2204,taolanaro,mg,290.017,100,100,5.96
7.9722,-0.3252,kpandae,gh,303.067,61,20,3.26
4.6638,-84.5797,burica,pa,302.217,100,20,3.68
85.6684,56.9317,belushya guba,ru,247.667,83,56,5.88
80.9449,18.1966,longyearbyen,sj,260.417,100,88,16.01
9.9947,-46.8007,cayenne,gf,298.517,99,12,9.18
56.9661,-65.8592,sept-iles,ca,271.517,90,88,10.83
-35.7789,90.704,busselton,au,292.017,100,32,5.76
54.5454,-71.8732,chapais,ca,268.567,94,88,11.11
-80.4898,67.992,taolanaro,mg,212.517,0,0,9.36
-19.3241,22.5986,nokaneng,bw,299.667,40,12,3.98
-9.8444,-60.4313,aripuana,br,297.417,93,92,1.28
-4.6036,-18.1873,georgetown,sh,302.567,97,80,3.76
63.2989,79.8082,tarko-sale,ru,270.817,85,76,5.73
-35.662,129.4768,flinders,au,289.867,100,32,12.83
6.3492,-126.4201,atuona,pf,301.567,96,32,9.93
-67.7607,132.3604,new norfolk,au,253.567,67,48,10.03
12.1014,52.3236,bereda,so,300.067,100,0,3.93
81.5671,-101.0152,yellowknife,ca,252.517,82,48,4.76
47.2249,-153.5457,kodiak,us,279.067,100,68,4.06
-34.3332,106.3124,busselton,au,290.767,100,68,8.98
84.6278,20.4132,longyearbyen,sj,248.967,74,44,5.18
22.1687,-30.9077,ponta do sol,cv,294.267,100,92,7.18
-48.0407,-28.7462,cidreira,br,281.567,87,92,15.63
75.6266,116.4265,saskylakh,ru,265.217,76,0,11.83
-85.6508,53.6989,port alfred,za,224.017,0,20,3.23
-20.5255,45.7001,miandrivazo,mg,293.517,91,48,1.36
-66.8495,167.3604,bluff,nz,274.267,90,88,18.81
-72.174,-69.6994,ushuaia,ar,267.517,77,56,4.13
37.1403,-70.324,nantucket,us,289.017,100,0,4.26
-13.3465,65.9888,grand gaube,mu,301.017,100,88,9.03
-22.8508,-98.4117,puerto ayora,ec,295.317,100,64,4.81
61.603,-87.9953,attawapiskat,ca,253.467,100,32,13.63
61.0305,143.9797,okhotsk,ru,255.417,65,0,2.11
80.6229,-126.1189,tuktoyaktuk,ca,254.167,82,76,7.21
86.2877,90.5852,dikson,ru,256.717,85,68,7.56
-17.9553,178.9274,isangel,vu,301.15,83,20,3.1
-21.2824,0.8514,jamestown,sh,296.417,100,76,5.21
-9.9068,-18.6799,georgetown,sh,300.917,100,68,7.36
83.16,90.9938,talnakh,ru,260.017,86,80,8.66
-81.3891,16.0739,bredasdorp,za,240.967,55,36,3.16
32.7949,39.6695,turayf,sa,278.267,71,20,2.78
-49.945,-122.2799,rikitea,pf,283.367,91,92,11.51
-22.414,-135.2152,rikitea,pf,296.667,100,100,2.86
-40.4747,57.4661,taolanaro,mg,286.917,100,0,1.46
-67.7153,123.3186,albany,au,252.367,66,20,10.93
17.9023,86.0106,sompeta,in,301.417,100,0,4.98
-9.1868,71.8456,hithadhoo,mv,302.167,100,0,4.16
19.1939,65.8366,dwarka,in,299.967,98,0,5.56
-81.3905,137.4918,hobart,au,222.317,0,0,11.68
-47.3553,166.8774,tuatapere,nz,287.767,97,8,5.08
60.4257,67.0581,kondinskoye,ru,272.267,96,48,3.08
